Questions,"Responsible (0-Operator, 1-AI Agent)"
Можно узнать график работы филиала в стороне лакокраски?,1
"При попытке пополнить вклад вышла ошибка «внутренняя ошибка», вклад не пополнился, но деньги с карты списались",0
В течение какого времени свяжутся?,0
"Можете дат мне подобную информацию о переводах с карты на карту. Комиссии, лимиты и прочие условия",1
Подскажите пожалуйста код банка т.е. МФО Тукимачиликского филиали Бухары.,0
Нужно в договор прописать.,0
"Здравствуйте, у меня есть карта хумо вашего банка, я сменила номер и хотела бы сменить номер карты , как я могу это сделать?",1
"Смотрите, вчера мой работодатель отправил деньги мне на карту, но к сожалению, они до сих пор не попали. Наш бухгалтер проверил от нас ушли и не вернулись",0
Сможете связаться с Яшнабадским филиалом и уточнить у них?,0
Что надо сделать?,0
По ссылке перехожу открывается ваше приложение,0
Через приложение?,0
Теперь?,0
В чем проблема была?,0
"Я захожу, а там вышло пройти верификацию и заново закинуло в мой старый аккаунт",0
Ранее этот номер был зарегистрирован на другого человека .Сейчас переоформила на себя и все карты привязанные к номеру необходимо активировать.Обязательно ли активировать карту в банке или можно а банкомате от вашего банка?,0
Я не могу с нее ни снять ни закинуть деньги,0
Здравствуйте. Можно запросить операции по карте за 14 марта?,0
"А можете проверить операцию 14 марта около 10 часов утра,произвели оплату в магазине,у меня в мониторинге нет записи а продавец говорит что ему деньги не попали",0
"А в 10 утра ничего не сняли?в самом начале в мониторинге было написано- Успешно,а теперь нет записи",0
"Здравствуйте, как изменить привязанный номер к карте",1
Мобильный банкинг не был активирован на указанной карте по указанному номеру телефона,0
"Добрый день, я пользуюсь вашим банком для того чтобы получать деньги через SWIFT, мне переводили в субботу, можно узнать пришло или нет?",0
Почему не могу оплатить госуслуги?,0
И QR оплата не работает?,0
"я уже точно не помню. А при оплате по QR вообще ни ошибки нет, ни оплаты нет",0
Я уже оплатил через PAYME,0
А когда заработает QR оплата?,0
Я оставлял заявку на то что у меня были проблемы с визой картой со мной так никто не связался! мой номер 901295849,0
Вот я не могу переводить деньги на турецкую визу постоянно ошибки выдает и вовращает средства,0
Номер заявки мне оператор с которым я разговаривал не говорил,0
Могу узнать сколько у меня задолженности,0
Тут не показывает,0
"Здравствуйте, пожалуйста помогите решить этот вопрос",0
"я уже разобрался, там 1000сум не хватало оказывается",0
Если проблема в вашем банке скажите когда её решите если в турецком я буду в другом банке визу открывать в общем по скорее нужна информация так как я на той неделе звонил и до сих пор нет ответа,0
"Здрасвуйте динара
Хотел у вас уточнить у нас был перевод с тинькова на карту вашего банка но деньги так не пришли
Можно уточнен по этому моменту ? И еще подскажите пожалуйста до сколько у вас работает тех поддержка по чатам ?",0
"Вот так пишет и все, больше не идет",0
"Ошибки нету, просто когда сканирую лицо, он не сканирует",0
Хочу узнать куда,0
Я уже и обновила приложение до последней версии,0
Здравствуйте. Хочу закрыть счёт виртуальной укзард,0
Не могу пройти верификацию в приложении sqb,0
"здравствуйте, хочу заказать с тему вещей, а не пишет мол у меня лимит по карте",0
"что ещё за лимит, при открытии карты мне ничего не говорили",0
Помогите разблокироват карту,0
"Я уже подал заявку на кредит, и уже одобрили. Для получения данных средств, оформили карту, узкард и виза как мне объяснили",0
хотел бы узнать наличие моих карт в вашем банке,0
Проверьте карту,0
"и дальнейшее закрытие их полностью без следа, так как у меня лимит по картам не могу открыть карту в другом банке",0
по ссылке ничо не открывает,0
Проблема связана что карта не выходит по какой то ошибке. Можете уточнить пожалуйста с чем связаны данная проблема и как ее устранить ?,0
чо делать?,0
"Виртуальная которая,как это сделать",0
"почему вы молчите я не понимаю,я звоню в колл центр сижу в очереди,когда тут отвечаете я выбрасываю вы снова не отвечаете",0
Загрузил карту скб а мне пишет что не может добавить так как она якобы должна подключится автоматом,0
дайте новую ссылку,0
"Перевод средств с карты на карту, оплата услуг, почти всегда выходит данное сообщение",0
как я пройду вам его заново если оно ничего не открывает?,0
Сколько у меня задолжность по кредитам,0
"Добрый день, я пользуюсь вашим банком для того чтобы получать деньги через SWIFT, мне переводили в субботу, можно узнать пришло или нет?",0
"Судя по графику, за этот месяц у меня нету платежей за проценты. Подтвердите пожалуйста. Не снимутся ли деньги с моих карт сегодня?",0
Проверьте пожалуйста куда снялось со счёта?,0
"Добрый, вчера подал заявку на открытие Карты для кредита. Но получил отказ. Обращался в филиале в городе Коканд",0
"В чем проблема, с чем связана?",0
Мне объяснили что из-за того что до этого у вас ранее была открыта карта из другого филиала поэтому какие то неполадки.,0
Как это можно решить?,0
Кто мне решит эту проблему,0
уже много раз проблема у меня возникает с этим картой,0
Я хотел узнать активная моя карта или нет. Доступа к приложению нет и банкомату тоже так как я нахожусь за границей,0
И как я могу узнать свой баланс карты или получить доступ к мобильному приложению,0
"Отправила заявку на Микрозайм,когда будет ответ?",0
"Сегодня я была в банке и хотела привязать свой актуальный номер, но в приложении он не поменялся, как поменять?",0
Я не могу сменить номер телефона на новый в приложении. Можете помочь с этим?,0
"Добрый день, подскажите как можно получить выписку по карте, в формате пдф?",0
"Здравствуйте хочу узнать когда вернут деньги за страховку, при получении кредита я платил страховку я в банке был, заявление написал, вы можете посмотреть?",0
Мне нужен кредит на сумму 33миллиона какие документы нужны и как быстро можно получить,0
"У меня истёк срок паспорта я уже поменяла получила айди карту, как мне обновить данные",0
как можно получить детализацию расходов карты SQB Viza?,0
"Здравствуйте. Я хочу перевести деньги со своей карты Виза на Узкард через приложение SQB mobile. Но не могу этого сделать, потому что код подтверждения перевода приходит на мой бывший мобильный номер. Хотя в приложении я зарегистрирована по другому номеру. 
Как я могу решить эту проблему?",1
как взять микрозайм?,1
можете отправить мне чек оплаты,0
"Здравствуйте, почему  у меня до сих пор автоматом снимается сумы с карты,кредит ещё до нового года оплатил",0
Хочу связать карту в приложение SQB но смс код для подтверждения но получаю,0
"Здравствуйте, минут 5 назад с карты списали 716000 не могу найти в истории эту транзакцию, мне нужен чек перевода",0
"Здравствуйте у хочу удалить одну из моих карт  навсегда
Что я должна сделать",0
Я сегодня 3 раза неправильно набрал код пароли блокнулась надо разблокировать,0
Какие виды вкладов у вас имеется?,1
Я хотел узнат на омат срок подходит или нет,0
почему я открыл вертуальную карту и мне пишет карта не найдена не могу скопировать номер карты проверку прошел но всё равно пишет не доступна,0
"Я потерял карту узкард, смс информирование выключено. Восстановить можно?",0
почему я открыл вертуальную карту и мне пишет карта не найдена. не могу скопировать номер карты,0
Здравствуйте мне нужна консультация по поводу моих 2х кредитов. Я так понял пропустил день выплаты и у меня исчезала сумма выплаты по графику и сейчас не могу понять сколько мне надо покрыть кредит для закрытия месяца,0
"Здравствуйте. У меня в приложении джойда имеется два расчетных счета.
На один из них поступают проценты с вклада.
Для чего нужен другой?",0
Я хочу сменить номер телефона который привязан к банковской карте,1
Одну из моих карт использует мой брат в качестве своего и смс инфо подключил себе могу ли я выписать свою карта на его имя так как я им не пользуюсь,0
"Добрый день, подскажите пожалуйста по вкладу 22%!
Январь пришли 280т% и Февраль тоже 280т%. Почему так? Количество дней же разное--31 день и 28 дней",0
"Дайте номер вашего филиала возле гостиницы Узбекистан, я сама туда позвоню и буду разбираться!
Оператор говорит одно, а наделе совсем другое",0
Может сказать номер моей карты виза,0
У меня закончися срок действия карты. А деньги остались там. Что можно сделать,0
А можно срок действия карты продлить?,1
Скажите а онлаин перевода денег можно сделать? На действующую карту?,0
"Скажите какой срок у меня,чтобы не потерялись деньги?",0
"Здравствуйте. 
Мне нужно посмотреть задолженность по микрозайму и сумму оплаты на 1 апреля какая",0
Мне нужно узнать есть ли задолженности за март и какая сумма за апрель,0
"Здравствуйте, подскажите пожалуйста есть ли задолженность по Микрозайму в этом месяце?",0
"01 марта 2025 г.
Просьба подключите смс-информирование по телефону",0
У меня не получается сделать перевод с виртуальный карты на узкард что делать?,0
Можно локация ракатского филиала?,1
"Вопрос, закрытые кредиты, исчезнут из раздела «мои кредиты»?",1
"Добрый день!
Я хотел бы изменить номер SMS-информирования моей Humo карты, это возможно сделать онлайн или через мобильное приложение?",1
Хотел узнать о бонусах за приглашения Сколько я получу за 1 приглашеного клиента,1
как можно получить выписку по кредиту?,1
"Отправила заявку на Микрозайм,когда будет ответ?",1
"Сегодня я была в банке и хотела привязать свой актуальный номер, но в приложении он не поменялся, как поменять?",1
Я не могу сменить номер телефона на новый в приложении. Можете помочь с этим?,1
"Добрый день, подскажите как можно получить выписку по карте, в формате пдф?",1
"Здравствуйте хочу узнать когда вернут деньги за страховку, при получении кредита я платил страховку я в банке был, заявление написал, вы можете посмотреть?",1
Мне нужен кредит на сумму 33миллиона какие документы нужны и как быстро можно получить,1
"У меня истёк срок паспорта я уже поменяла получила айди карту, как мне обновить данные",1
как можно получить детализацию расходов карты SQB Viza?,1
"Здравствуйте. Я хочу перевести деньги со своей карты Виза на Узкард через приложение SQB mobile. Но не могу этого сделать, потому что код подтверждения перевода приходит на мой бывший мобильный номер. Хотя в приложении я зарегистрирована по другому номеру. 
 Как я могу решить эту проблему?",0
Посмотрите пожалуйста оплачен ли кредит?,0
можете отправить мне чек оплаты,0
"заявление sqb на закрытие карты 
 проверьте статус,закрыта ли карта хумо",0
Я хочу узнать сколько у меня на моем имени на моем счету пластиковых карт с вашего банка,0
"У меня истекает срок карты, можно ли её же продлить?",1
"У мастер карта есть, и получается так что Яндекс еда отменила мой заказ, деньги снялись но не вернулись в мою карту, когда поступят на мою карту?",1
Когдо поплоняется карта автоматически канвертируется USD или при конвертируетс при снятия?,0
могу ли я заказат visa карта онлион?,1
Когдо поплоняется карта автоматически канвертируется USD или при конвертируетс при снятия?,0
"подскажите почему из приложения sqb mobile удалилась карта другого банка, а при добавлении заново пишет ""вы не можете добавить эту карту""?",0
"Здравствуйте, счета карт были закрыты?",0
можно узнать какая сумма задолженности у меня?,0
в каком разделе приложения я могу увидеть оплачено или нет?,1
"Хотел подключить карту humo к телефону, не получается это сделать, можете помочь пожалуйста",0
"Добрый день, когда рассмотрят заявку на кредит под номером 601906",0
Я брал кредит и через приложение закрыл по графику не могу понять как закрылось или нет? Можете помочь?,0
500 мне надо закинуть? Или они сами спишут,0
Здравствуйте у меня в приложении отображается кредит который я не брала,0
"здравствуйте, как можно узнать CVV на карте Uzcard ?",1
а как можно перевести деньги с Uzcard на Visa,1
"там нужна валютная карта, а по другому нельзя?",0
Сделал перевод через приложение sqb Чек выходит с ошибкой,0
Как мне получить цек? Так ещё и скриншот сделать не могу там ограничение сделали,0
"Доброе утро. Я 27 февраля через sqb mobile подавал запрос на создания виртуальной карты Хумо. 28 числа пришло смс, что она создалась, но она так и не появилась в списке карт. Когда нажимаю на загрузка вирт. карт, пишет, что смс не подключено.",0
Мне вам ФИО написать? Можете помочь с привязкой номера телефона на виртуальную карту? У меня уже есть 2 физической карты и я прошел идентификацию в вашем приложении.,0
"Спасибо большое. Вопрос: если я дам запрос на виртуальную карту мастеркард, также через вас нужно будет номер телефона поивязывать?",1
"Извините, вот я сейчас нажимаю на открытые виртуальной карты мастеркард. Пишет, что у меня уже имеется активный запрос. Какой активный запрос, ведь виртуальная Хумо уже создана?",0
Здравствуйте. Я сегодня оплачивал вечером в жойда свои микрозаймы. Почему на каждом микрозайме показывает просрочку 2000 или 3000 сум,0
Оплатил просрочку несколько штук. Потом проверил показывает 0.00. А потом опять захожу в жойда показывает опять просрочку сумму которую я уже оплатил. Че у вас там происходит лишние деньги накручиваете чтоли????,0
Хотел сменить номер телефона смс-информирования карты хумо,0
У меня две карты физическая 0422 и виртуальная 2630 обе надо переключить на номер +998933259303,0
"Здравствуйте. Почему у меня не получается карту ипак йули прикрепить в ваше приложение. Раньше могла, но через какое то время карта исчезает. Другие карты спокойно могу привязать.",0
Сегодня подходила в банк и ни чем не могли помочь,1
Я четыре дня назад открыла в банке вклад фойда. Однако проценты по нему почему-то зависли и не прибавляются. Можете проверить ?,0
Подскажите пожалуйста за март месяц у меня нет Долгов ?,0
"Хотел подключить карту humo к телефону, не получается это сделать",0
"Здравствуйте хочу узнать что там с моей заявкой, Номер телефона 
 881898040
 До этого обращался к вам в колл центр сказали передали специалистам 
 Деньги застряли в процесинге короче в воздухе 300.000.100.000",0
"Все прошел верификацию, Что делать дальше",0
Извините оператор когда разговаривал он сказал что заявку принял можно узнать заявка не было оформлено?,0
Как долго ждать примерно,1
Почему у меня не работает карта?,0
"Добрый день Арслан,благодарю получилось,приложение с запазданием работает",0
Здравствуйте! По моей карте почему-то не работает система информирование,0
После этого смс информирование будет работать?,0
По данной ссылке я уже была зарегистрирована. Сразу же после получения карты зарегистрировалась,0
"я ждал 20минут пока придет моя очередь на разговор с оператором, по итогу как дошла очередь просто тупо скинули трубку, вы издеваетесь?",0
"я просто хочу узнать статус заявки на кредит, как вы работаете вообще",0
"заявка прошла, но ответа нет",0
"тут написано в течении 15 минут придёт ответ, ответа нет уже больше часа прошло",0
А вы посмотреть не можете у себя?через себя?,1
"мда, ""отличный сервис"" у вас....",1
"Здравствуйте, почему у меня до сих пор автоматом снимается сумы с карты,кредит ещё до нового года оплатил",0
Хочу связать карту в приложение SQB но смс код для подтверждения но получаю,0
"Здравствуйте, минут 5 назад с карты списали 716000 не могу найти в истории эту транзакцию, мне нужен чек перевода",0
"Здравствуйте у хочу удалить одну из моих карт навсегда
 Что я должна сделать",0
Я сегодня 3 раза неправильно набрал код пароли блокнулась надо разблокировать,1
Не как связаться не могу свами до этого писала Было 4 млн. А сейчас включая март напишите мне сумму я брала его другому человеку а он походу не собирается платить,0
Я хотел узнат на омат срок подходит или нет,0
почему я открыл вертуальную карту и мне пишет карта не найдена не могу скопировать номер карты проверку прошел но всё равно пишет не доступна,0
"Я потерял карту узкард, смс информирование выключено. Восстановить можно?",1
почему я открыл вертуальную карту и мне пишет карта не найдена. не могу скопировать номер карты,0
Здравствуйте мне нужна консультация по поводу моих 2х кредитов. Я так понял пропустил день выплаты и у меня исчезала сумма выплаты по графику и сейчас не могу понять сколько мне надо покрыть кредит для закрытия месяца,0
"Здравствуйте. У меня в приложении джойда имеется два расчетных счета.
 На один из них поступают проценты с вклада.
 Для чего нужен другой?",1
Я хочу сменить номер телефона который привязан к банковской карте,1
Одну из моих карт использует мой брат в качестве своего и смс инфо подключил себе могу ли я выписать свою карта на его имя так как я им не пользуюсь,1
"Добрый день, подскажите пожалуйста по вкладу 22%!
 Январь пришли 280т% и Февраль тоже 280т%. Почему так? Количество дней же разное--31 день и 28 дней",0
"Дайте номер вашего филиала возле гостиницы Узбекистан, я сама туда позвоню и буду разбираться!
 Оператор говорит одно, а наделе совсем другое",1
Может сказать номер моей карты виза,0
У меня закончися срок действия карты. А деньги остались там. Что можно сделать,1
А можно срок действия карты продлить?,1
Скажите а онлаин перевода денег можно сделать? На действующую карту?,1
"Скажите какой срок у меня,чтобы не потерялись деньги?",0
"Здравствуйте. 
 Мне нужно посмотреть задолженность по микрозайму и сумму оплаты на 1 апреля какая",0
Мне нужно узнать есть ли задолженности за март и какая сумма за апрель,0
"Здравствуйте, подскажите пожалуйста есть ли задолженность по Микрозайму в этом месяце?",0
"01 марта 2025 г.
 Просьба подключите смс-информирование по телефону",1
У меня не получается сделать перевод с виртуальный карты на узкард что делать?,0
Можно локация ракатского филиала?,1
"Вопрос, закрытые кредиты, исчезнут из раздела «мои кредиты»?",1
"Добрый день, в вашем приложении Хумо карты не работают почему то ,не могу кредит оплатить",0
Добрый день мне нужен код банк транзитный счет банка инн банка,0
"Мне предыдущий оператор отправил данный пассатный счет Транзит ракам: 23120000100011195300,какой верный?",0
Добрый день мне нужен код банк транзитный счет банка инн банка,0
"Добрый день. Проверьте, пожалуйста, активность моей пластиковой карты",0
Посмотри как можно это оплатить ?По qr code вроде не получится но там есть счёт получается так оплатит Получиться оплатить через ваш банк ?,1
"Здравствуйте. Подскажите пожалуйста, можно ли отменить операцию оплаты которую сняли с карты мастеркард? Валютная карта вашего банка",1
"Микрозай брал у вас, можете пожалуйста сказать какой у меня долг ?,На сегодняшний день,Спасибо после оплаты могу к вам обратится?,Обновление банка когда будет ?",0
"Почему Humo пластиковые карточки не работают переводы?,Мне отправили перевод, но до меня не дошли деньги на пластиковую карту humo,У меня нет на руках такой пластиковой карты visa в приложении почему visa карта появилась?",0
"Поручительство третьих лиц в кредите , расскажите о нём,Поручительство третьих лиц в кредите,Расскажите о Поручительство третьих лиц в кредите,Как отменить поручительство?",1
"Я получал карту в 2022году и тогда не выпускали карты с бесконтактной оплатой ,я бы хотел спросить и уточнить можно сделать перевыпуск карты?",1
Почему не работают переводы на пластиковые карты Humo?,0
Добрый день мне нужен код банк транзитный счет банка инн банка,0
"Хочу узнать про подробности условии получение микро займа,сромок на 12 месяцев,на сумму 12 млн сумов",1
"У меня в феврале истекаеть срок карты,Я не могу выйти из дома как так родила",1
"Я сейчас заплатила за кредит а у меня сняли два раза ?,Почему ?",0
"У меня зарплатная карта от ПСБ. Сейчас в магазине через терминал хотела оплатить и вели правильный пин код, но терминал отказал,Как снять блок теперь? После 3-й попытке карта заблокировалась.,Если этого филиала нет? Это был Мирзо Улугбекский филиал. Куда теперь обратиться?",1
"У меня в приложении исчез вклад. Он просто не выходит. Как исправить это?,Так ведь об этом нигде не предупреждали. Что за работы? Сколько будет длиться?,Профилактические работы в приложении? В системе? Где?",0
Профилактические работы в приложении? В системе? Где?,0
"Со вчерашнего вечера в приложении не работает система ""вклады"". Причина?,А когда заработает?,Когда подключат систему?,А почему не написали что будут идти технические работы? Заранее надо было предупредить!",0
"Не заходит в кнопку вклада почему,Вот если у человека есть доступ к моегу номеру может ли он управлять вкладами или зайти в приложение?",1
"На обосновании чего вы не можете оформить заявку,Я не получила уведомление о не поладки,как мне дозвонится до колл центра. Вы зачем нужна как служба поддержки",1
"Я зарубежном не могу перевести деньги на свою мульти визу,Можете попросить починить,Сейчас оформите, я зарубежом мне нужны деньги",0
"Я забыл пин код своей карты,Как я смогу его узнать или поменять,А если я заграницей что мне делать?",1
"У меня в приложении выходит сбой Way4 что это такое?,Я не магу посмотреть своый данны карты,Я немного времени назад выиграл 300 000 рублей в сайте и я дал им 16 цифры карты ну оны оказалось мошенником теперь что можно делать?Вы можете проверить мой карту?",0
"Я через приложение совершил перевод :2 050 000 сумм по номеру карты 5614 6805 1319 3249 с карты 6466 узкарт капитал банк,У меня в приложении нету чека а списание произошло",0
У меня вопрос почему в моём приложении не показывает мой вклад? Ведутся какие-то технические работы?,0
В приложении SQB mobile исчезла VISA карта можете проверить,0
"В преложении joyda у меня не показывает мои визу карту, когда я хотела заново его вставить у меня не получилось,Можете связаться со мной по телефону и помочь снова зайди",0
"Я хочу узнать, можно ли на мою Mastercard кидать рубли? Просто я работаю 3D-аниматором, и мне за заказ должны кидать деньги из России.",1
"У меня был открыт вклад в SQB mobile,Я сейчас зашёл в приложение посмотреть проценты, а там этого вклада нет,а не подскажите когда примерно закончатся тех.работы ?!",0
"Моя виза карта перестала отображаться в приложении,Хотелось узнать почему,Перевод на нее отменяют,Перевод на нее отменяют",0
Последнее время в приложение вашего банка постоянно что то не работает я являясь вашим клиентом просто в ярости от таких поворотов,1
"Можете помощь у меня проблема с капотом,У меня карта в руках виза классик от SQB но в приложений она исчезла",0
"Не вижу свой депозит в приложении,Когда заработает?",0
"У меня есть два онлайн вклада на небольшие суммы. Я случайно нажала ""снять"" проценты с одного из них но на карту деньги не зачислились.",0
Когда можно будет снять деньги за приглашённых клиентов банка?,1
Добрый вечер Я хотел бы поинтересоваться я гражданин Казахстана У меня есть инфы кредитная карта ну как-то есть да банковская капитал банка есть поступление Я занимаюсь самозанятые можно ли у вас взять микрозайм,1
"Я подал,Заявку,На кредит,Можите разузнать",0
"Здравствуйте мне нужен транзитный счёт моей карты, чтобы вернуть налоги от контракта, 23120.........и МФО банка филиала Амир темур",0
"Я загрузил Ваше приложение,Прошел верификацию,Заказал виртуальную карту,Мне пришло смс с уведомлением,Virtual Karta 9860****5480 dobavlena,Но в приложении она не отображается",0
"Я подала заявку на кредит,Поручитель одобрил,Со вчерашнего вечера нет ответа не какого",0
"Добрый день я на счёт кредита,Помогите получить кредит",1
"Здравствуйте! Подскажите пожалуйста, погашение ежедневного процента по микрозайму уменьшает ли сумму по микрозайму начисленную за месяц по графику?",1
"Хочу узнать свои общий остаток за кредиты,Ну сколько осталось заплатить за этот месяц, чтобы погасить",0
Подавал заявку на кредит почему до сих пор нет ответа но там писали что будет ответ через 15 мин,0
"Возврат денег с temu был произведен на узкарт вашего банка, только деньги не дошли",0
Я не могу зайти в приложение,1
"Не приходит смс при оплате,Можете проверить?",0
Хочу узнать какая задолжности у меня по кредитам осталась…,0
Я немогу зайти в приложение,1
Какой остаток долга,0
Утро доброе. Не могу добавить карту VISA в мобильное приложение SQB,0
ПОСМОЬРИТЕ УЖЕ ПОЧЕМУ ДО СИХ ПОР ПРОСРОЧКА,0
"Здравствуйте! Сегодня получила у вас карты, но почему- то не могу ввести в приложение карту uzcard",0
Добрый день. Я хочу погасить сразу все свои кредиты. Напечатайте пожалуйста мне всю сумму моих кредитов. Спасибо,0
Скажите какая задолженность по кредиту?,0
Здравствуйте. Можете мне сказать общую сумму долга по кредитам?,0
Нет. Вы мне напишите общую сумму долга. Я хочу погасить сразу все,0
Скажите какая задолженность по кредиту?,0
осуществлен ли возврат и было ли сделано зачисление средств на карту виза,0
"Здравствуйте, мне переводят деньги но мне не приходит ни уведомление ни деньги",0
Я хотела зарегистрироваться новую карту,1
"Здравствуйте, мне надо подключить смс информирование на хумо карту,Так как у меня сменился номер телефона",1
"Хорошо, теперь как в приложении изменить номер телефона?",1
"Пожалуйста позвоните на мой номер 99 573 8005 Я хочу узнать насчёт открытие счёта как юр.лицо и в дальнейшем сразу получить услугу такаую как ""Интернет эквайринг"" Жду вашего скорейшего контакта.",0
"Здравствуйте, я сейчас закрыл два кредита, когда нажал на кнопку полное погашение, там не вышла полная сумма. Я решил оплатить через кнопку досрочного погашение и оплатил основной долг на двух кредитах. Можете проверить эти кредиты у меня закрылись?",0
Здравствуйте. У моей карты виза закончился срок. Чтобы её перевыпустить мне нужно идти в тот филиал где она была выпущена? Или в любой филиал?,1
А я не помню где была оформлена моя карта виза,0
Здравствуйте. Можно ли получить перевод из России гражнанам России в вашем банке? Перевод по золотой короне.,1
"Здравствуйте, хочу сменить номер, на который привязана карта, как это сделать?",1
Есть номер сергелинского филиала,1
У вас есть автокредит?,1
"Здравствуйте, Какой лимит получения переводов по системе VISA Direct установлен в вашем банке?",1
Я не магу с электронной кашилка перевести деньги на счёт.,0
"На свой пластик,С электроннова кашилка на счёт",0
Перевод временно не доступна пишед,0
Мне нужен код CCV,1
Здравствуйте в этом месяце не будет доступен микрозайм онлайн в жойда?,1
Когда будет доступен,0
А почему приостановили выдачу,0
"Майдана хотела спросить про кредит,Кредит оформляю нет ответа",0
"Без заработной платы с залогом умишества,Уже 3 дня 3 раза подала",0
Ответ. Как могу получить,0
"Теперь это окошко вопще не открывается,Вот это что теперь ?",0
Здравствуйте 903743441 Авдиянц Лаура была заявка на микро займ ск времени понадобится для рассмотрения?,0
"Да, какая причина ошибок",0
"Ответ на заявку 127805, и причина ошибки, спросите у специалиста",0
"Какие сроки,Жду с 13.01.25",0
"Здравствуйте. Почему моя viza карта не видна в мобильном приложении? Раньше была, сейчас не видно",0
Да сейчас прошла идентификацию и загрузила. Сейчас видна карта,0
"Матлюба, я могу ли загрузить свой аккаунт мобильного приложения на 2х телефонах",1
"нужно чтобы вы удалили аккаунт на этом номере,или нужно произнести какой-то слово",1
а вы можете удалить мою учетную запись,1
в потом вы удалите мой старый профиль,1
Для клиентов банка есть другие варианты?,0
Зарплатный проект что это значит?,1
Хотел узнать могу ли я пойти и забрать их щас?,0
"Мне говорили после 15 дней придёт сообщение я могу пойти. И взять мои деньги,Сообщение так и не пришло,Мне дальше ждать это сообщение?",0
"Сурхондаре район сариосие 10 дней уже прошло визу карту мне не дают,Что за бред буду жаловаться в портал",0
Скажите пожалуйста почему нет ответа на кредит,0
"Могу ли я узнать почему с моей карты списали половину суммы кредита за ипотеку, а не всю",0
"Я имею ввиду что может быть с другой карты списали, с карты поручителя ? Вы сможете мне сказать остаток к оплате за январь месяц по ID: 60082960",0
Сколько еще мне нужно заплатить ?,0
"Я давно идентификацию прошел, Что дальше ?",1
"Здравствуйте.Подскажите пожалуйста,хочу узнать одобрят ли мне кредит в размере 100 000 000 на покупку автомобиля.прохожу пункты подачи заявки в приложении и вышел такой пункт",0
Хотел бы узнать одобрят мне его,0
В каком разделе можете подсказать?Не можем найти в приложение уведомление,0
"У меня есть не завершоная заявка на кредит,Она зависла,Можете снять ее или отменить",0
Не могу снять со счета - перевести на свою карту. сегодня вышли проценты по вкладу - они на счете. Не могу перевести их на ПК?,0
"У меня в приложении карта основная карта недоступна, можете узнать в чем дело?",0
можно будет поменять номер телефона для всех карт от SQB ?,0
а через вас не получится?,0
Здравствуйте я подавала заявку на микрозайм через приложение я ответа не дали?,0
"Могу ли я узнать у вас , одобрят ли мне кредит?",1
"Здравствуйте я хотела взять микрозайм я прошла но у меня спрашивают поручителя я написала номер что теперь мне дела тама написано ждём ответа,А можно сказать какого ответа,Что дальше надо сделать",0
"Я не давно визу деактивировал 17 дней назад,Для активации я платил 30$,И говорили что через 15, дней можно придти и забрать эти 30$,Прошло 17 дней уже,Хотел узнать могу ли я пойти и забрать их щас?",0
Куда перечисляется снятие начисленные проценты с вклада?,0
Здравствуйте почему не приходит ответ я хочу взять микрозайм на рассмотрении стоит но не что не приходит а там написано в течение 15 минут ответить должны,0
Что значить в тестовый режиме что обозначает,1
"А какие документы нужны будут,Если одобрят",1
"Скажите пожалуйста, что за серый список? Почему не можем заявку подать",1
"Поручитель не нужен для этого ?,Если я одна подойду",1
"здравствуйте, на связи?",1
"в программе проблема,хотел оформить кредит,а у меня в заявках он даже не высвечивается,а как можно взять?",1
а как можно взять?,1
"а какие условия должен пройти, что бы получить кредит?",1
"У меня есть счёт накопительный,Могу ли я им пользоваться как личным что бы например деньги с другой страны поступили",0
"Прошу помочь подключить смс информирование,Я получила новую пластиковую карту хумо из-за того что окончился срок действия,Теперь не могу подключить смс уведомления,Наш банк находится в 250 км от нашего города Зарафшан,Из-за этого я не могу поехать",0
Я бы хотела узнать причину почему у меня с карты снялось 50 тыс я никуда не тратила и визы перевела в хумо карту и 50 тыс не перечислялся,0
"Здравствуйте, можно ли поменять номер телефона который привязан на карту",0
А нельзя ли онлайн?,0
"Также, можно ли узнать на какой номер привязана карта",0
И можно ли поменять в банкомате?,1
Онлайн можно разблокировать карту?,1
"Динара, я оставлял заявку на микрозайм через Ваше приложение, ещё в пятницу вечером, можно узнать одобрят ли или нет и сколько по времени занимает это время",0
"Я открыл карту виза платинум,Можете проверить, установлены ли ограничения на перевод средств с моей карты?",0
"В частности, я хочу сделать депозит на один брокерский сайт, но постоянно выдает ошибку,Приходит смс на телефон, обратиться к эмитенту карты",0
Подключите мне смс на хумо карту,0
"Доброе утро! Резидент Не резидент В joyda просит сканирования лица чтоб продолжеты какие либо операции, Что это значит",0
Это действие банк запрашивает,0
Учистились случаи мошейничества,0
"Здравствуйте. Могу ли я получить от вашего Банка кредит? 30000000 миллионов, для собственных целей",0
Поручителей нужно?,0
"Я подал заявку в вашем приложении, и указал номер поручителя,через приложение можно будет оформить",0
"Хорошо, а как связаться поручителю с Вами, или Вы сами свяжитесь с ним,я указал номер телефона поручителя в приложении",0
А она клиент другого банка Hayet BANK может зарегистрироваться в приложении?,1
"Я обращалась 13, 23.01.25, по поводу ошибки в истории карты в приложении Жойда, мониторинг списания ден. средств. Шло двойное списание. Я хочу узнать почему была эта ошибка, не повторится ли это впредь. Сейчас карта заблокирована.хочу узнать мнение специалиста Надоело ждать, прошло уже14 дней, ответа нет",0
"Подскажите пожалуйста, почему так?",0
"Она будто заблокирована... Сама по себе,Вы тут!?",0
Когда заработает?,0
Как мне изменить номер привязанный на sqb mobile,0
"Я с вопросом,У меня срок зарплатной карты закончился",0
Могу как нибудь онлайн заказать карту?,0
Или обязательно ехать в банк и подавать заявку?,0
Рабочий день я не успеваю прям одинаково с рабочим днём банка,0
"Здравствуйте я оставляля заявку на кредит в вашем приложение и мне долго ответ не приходит,Что делать?",0
Сначала 1 неделю назад и мне не ответили! И 1 час назад,0
"Я подал заявку на микрокредит примерно час назад, сколько придется ждать одобрения?",0
за этим получается сидит человек у вас да? или робот?,0
то есть если одобрят мне нужно через банк взять?,0
Здравствуйте. Хотела уточнить как подтвердить Поручение на кредит другого человека,0
Не вернули деньги с яндекса говорят проблемы у вас,0
Здравствуйте хочу разблокировать карту после блокировки за ведение неправильного кода в банкомат,0
Можно ли отменить перевод с моего карты на другой который был 24 января с вашего приложение,0
Никак да??,0
Скажите пожалуйста у меня есть карта от вашего банка хумо я открывала ее давно и так и не воспользовалась ею . Сейчас хочу пользоваться но я не помню от нее пароль . Как я могу его узнать ? Или поменять,0
"Она есть у меня в приложении, я не помню именно пин код от нее (",0
Думаю если буду вводить на Угад ее просто заблокируют .,0
Нужно прийти именно в банк и они поменяют да ? Не нужно будет открывать новую карту и ждать ?,0
"Добрый день, не могу добавить карту, с чем это может быть связано?",0
Извините пожалуйста мой номер телефона на эту карту,0
Нам необходимо подключить смс информирования,0
"Посмотреть пожалуйста мой номер подключился или нет,Хочу изменить номер телефона,Алло",0
"Здравствуйте я хотел номер изменить карту,Алло",0
Я хотел номер телефона изменить на карту,0
Код спрашивает какой код поставить,0
У меня было в этом месяце списание в Яндекс два раза,0
Можно мне пожалуйста этот RPN,0
"Карта заказат хотел,Uzcard DUO,Humo,Visa Classic",0
"Як меня есть несколько вопросов. Я хочу взять микрозайм через мою приложение,Мобильное приложение,Указал поручителя,И ни какого ответа ни действий нет дальше,Кажите пожалуйста, в какой форме ответ от поручителя нужно, просто не смс не звонка не приходит для подтверждения",0
Как взять микрозаим или кредитную карту ?,0
"Мая карта заблокирована из за ввода неправильного пин кода можно ее разблокировать дистанционно?,И хотел ей расплатится на узум, и ввел неправильный пин",0
Не могу подключить свою визу карту в приложении SQB,0
В течении сколько времени оно должно появиться?,0
"Перевел 90 тысяч абоненту,Деньги не поступили ему,И у меня в историях ничего не отображается,Сообщение тоже не пришло,Но с общего баланса деньги списались",0
Не могу добавить карту VISA от КапиталБанка в приложении SQB,0
"Скажите пожалуйста, что за серый список? Почему не можем заявку подать",0
"У жены заблокировалась карта,Можно разблокировать онлайн?",0
А сегодня случайно нет сотрудников в филиале на Беруний? Может открытый баланс,0
"Хотел добавить в приложении скб мобайл свою визу карту, но произошла такая ошибка, что такие виза/мастеркард должны сами отображаться в приложении, после регистрации. Как можно решить проблему?",0
"Здравствуйте 7 дней назад я заказал еду через Яндек, заказ был отменён но деньги до сих пор не вернулись, оплата была через SQB банк. Служба поддержки Яндекс просит выписку с печатью и подпись а также даты с указанного времени",0
"Добрый вечер, у меня на онлайн вкладе сегодня не начислили ежедневный процент. Почему",0
Могу ли попросить со мной связаться,0
Насчёт пяти миллионов кредит вы спросили какого числа пришло письмо,0
"Мне пришло опять сегодня письмо опять в программе одна сумма а в письме другая,В программе 648тыс а в письме почти миллион почему?",0
"Здравствуйте, когда пытаюсь пополнить свою карту visa выходит: invalid merchant id,Visa карта банка sqb",0
Сколько нужно ждать после идентификации?,0
"Поменять смс информировани,",0
Здравствуйте дайте мне страховые полиса по двум закрытым сегодня кредитам,0
здравствуйте у меня есть просроченный кредит сегодня сняли с карты денег можете посмотреть сколько ещё осталось,0
прошёл дальше что делать?,0
Перевести смс информирование хумо виртуальную карту на другой номер,0
Если не поменять какие проблемы есть или нет,0
"Здравствуйте я вчер папа оставил заявку в микрозайм,Ответ жду но не приходит",0
"Здравствуйте! При отправке заявки на микрозайм через поручителя, уведомление для подтверждения поручителю не приходит,Или мы не можем найти. Можете помочь с этим,В смысле разговор окончен?",0
"Когда будут зачислены деньги?,Уже прошло три часа",0
Ответ будет?,0
День добрый надо подключить смс на номер +998946130535,0
"Мне с валдбериса вернули деньги на карту 13 января, но деньги не поступили,Они мне говорят что у них возврат средств оформлен",0
А где это посмотреть?,0
Хочу получить выписку по счёту в формате пдф,0
уточнение заявки на онлайн кредит,0
У меня карту заблокировали Почему?,0
"Можно узнать, каким образом она оказалась среди других моих карт, открытых в вашем банке!?",0
Можно ли срочно отменить перевод и вернуть мои деньги,0
Здравствуйте я хочю заблокировать карту так как я её потерял,0
я хотел сказать что у меня не получается подключить визу к приложению,0
"Здравствуйте, хотел бы изменить номер Смс-информирования",0
Можно ли оплатить со счета кредит раз или обязательно ехать в филиал для получения своих же средств?,0
Добрый день! я хотела бы узнать Мурабахе более подробно,0
Я бы хотел узнать почему если я хочу оплатить картой мастеркарт то выводит ошибку откланено,0
Здравствуйте могу ли я получить у вас не большой кредит,1
Добрый вечер Подскажите пожалуйста за этот месяц у меня нет Долгов ?,0
Я забыл карту на банкомате Что мне делать,1
Здравствуйте могу ли я получить у вас не большой кредит,1
"Здравствуйте, у вас приложение работает не корректно. Карта добавлена но когда я хочу снять деньги со счета то просит добавить карту",0
Можете прислать мне информацию активных моих карт,0
"Здравствуйте у меня на карте стёрся номер , могу я как то узнать его",0
У меня на карте написано много попыток неправильных пин-кодов Можно ли теперь исправить ошибку,0
Микрозаем какие условия,1
Как узнать что карта заблокирована,1
Хотел узнать о бонусах за приглашения Сколько я получу за 1 приглашеного клиента,1
"Я хотел бы изменить номер SMS-информирования моей Humo карты, это возможно сделать онлайн или через мобильное приложение?",0
как можно получить выписку по кредиту?,1
Хотел узнать возможно ли перевести деньги через международный перевод в Казахстан,1
А банк сегодня работает?,1
Я бы хотел трудоустроиться в ваш банк и хотел бы отправить своё резюме,1
Вы можете подсказать могу ли я получить микрозайм ?,1
"И теперь что делать,как взять кредит?",1
"Добрый день, 2980 1000 6610 7263 6002 счёт , деньги переведите на кредитную карту .",0
"Я хотел бы изменить SMS-информирование моей Humo карты, это возможно сделать онлайн или через мобильное приложение?",0
Где в приложении поручителю приходит уведомление?,1
Понедельник не рабочий день?,1
"Здравствуйте, вчера после 20.00 было два зачисления на мою карту 9085, первое 60 тысяч, второе зачисление не знаю на какую сумму",0
Уменя Visa карта я зарубежом и не могу воспользоваться картой,0
При открытие вклада выходи вот такая ошибка,0
Заблокирован счёт говорят. Почему?,0
Немагу взят кредит,0
Кредитка немагу взять,0
Хочу включить смс услугу,1
Я не могу перевести деньги,0
Хочу включить смс услугу,1
"Я хотела взять микрозайм но залогодатель не знает как подтверждать что согласен,как сделать это?",1
Можете сказать причину ошибки ?,0
Срок моей карты визы истёк . Могу ли я вернуть карту в банк и получить свой неснижаемый остаток?,1
Хотел узнать где можно найти ID кредита,1
Я бы хотел узнать текущий баланс моей карты,0
"У меня в этом месяце, пишет что кредит, 0 сум, автоматически оплату 10 числа тоже не списали, что это значит?",0
Здравствуйте хотел бы узнать насчёт своей заявки об микрозайме.,0
"Добрый день, можете позвонить и объяснить?",1
"У меня карта заблокировалась,хочу разблокировать",1
"Добрый день,как можно уточнить статус заявки на кредит?",1
"нужны данные, Транзитный счёт, ИНН, МФО",0
какой лимит отправки денежных средств через мобильное приложение SQB ?,1
Пожалуйста помогите разблокировать карту,1
Мой заявка чо так невидимые,1
"мне 8 марта на карту деньги перевели, на карту они так и не попали",0
я потерял карту вашего банка нужно восстановить,1
Хочу перевыпустить свою карту,1
Как можно узнать одобрили кредит или нет?,1
подскажите пожалуйста как узнать свой валютный счёт?,1
Как можно узнать одобрили кредит или нет?,1
Я хотела оформить онлайн Микрозайм,1
Как поручитель подтверждается?,1
Вообще онлайн микрозайм работает?,1
"Здравствуйте, Хотел уточнить номер и срок карты своей хумо",0
Ассаламу алейкум как перевести деньги на международную карту с визы карты platinum,1
Я бы хотел подключить СМС информирование на свою HUMO карту от вашего банка,0
Скажите адрес шахристанского филиала,1
С моей карты сняли 50 000.,0
Переведите эти деньги на кредитную карту.,0
Почему уже несколько дней мои вклады показывают начисления по нулям,0
А как я могу узнать откуда были списаны деньги?,0
Я обнаружил(а) несанкционированное списание с моей карты Разъяснить источник платежа.,0
"Здравствуйте. Я в вашем приложении открывала вклад, хотела пополнить. Но моя карта для попопления не отображается",0
"Здравствуйте. Я сейчас хотела скинуть деньги на вклад , деньги сняли но на вклад не поступили",0
Я сегодня получил письмо по почте от Вас,0
"Здравствуйте, Uzbekistan Airways отменили мне билет, должны были поступить деньги",0
Добрый день. У меня есть карта visa platinum. Она привязана к программе Lounge Key ?,0
Добрый День! Как я могу узнать cvv своей виртуальной карты Mastercard?,1
Какие документы необходимы для открытия банковского счета?,1
"Здравствуйте Я хотелa бы спросить, когда деньги поступят на мой счет? Я поменяла 100 долларов на сомы и положил их на свою карту, но до сих пор нет денег на карту",0
"Здравствуйте, я хотел совершить перевою на другую карту с 7389, но транзакция отменились, а деньги списали. Помогите пожалуйста вернуть их",0
Добрый день хотел спросит по поводу автокредита,1
"Я хотелa бы спросить, когда деньги поступят на мой счет?",0
"Добрый день. В приложение SQB зарегистрировала карту от НБУ, и хотела отрыть вклады. Но с моей карты не получается снять. Карту мою не видит",0
"У меня у карты закончился срок действия, хотел уточнить там средства остались чтобы я его по новому заказал?",0
У меня не получается пройти идентификацию через приложение,0
Со скольки лет можно Быть поручителем?,0
Здравствуйте +998788881713 принадлежит ли этот номер вашему банку?,0
Здравствуйте Оставлял заявку 131775 Номер заявки?,0
Можно ли открыть банковский счет в любом филиале?,0
"Доброго времени суток. Жойда иловадан, 2 та микро карз олган эдим. Февраль ва Март ойлари учун неччи пул карздорликларим бор,?",0
"Отправила заявку на Микрозайм,когда будет ответ?",1
Здравствуйте Такая проблема выходит при попытке перевода,0
здравствуйте Фарход у меня проблема с оплатой/ переводом денег на валютную карту мастеркард,0
Здравствуйте Такая проблема выходит при попытке перевода,0
немогу зайти на свой акаунт,1
"Здравствуйте, не могу пройти верификацию и подключить карту к аккаунту",0
Сколько времени требуется для открытия банковского счета?,1
Могу я узнать есть ли кредит,0
Я хотел поменять номер телефона который смс приходит,1
Могу я узнать есть ли кредит?,0
"Здравствуйте, недавно заказал вещь из китая, но потом передумал и отменил. Подскажите пожалуйста, когда деньги вернут? Со стороны pinduoduo уже вернули. Только деньги на мою визу еще не поступили",0
Я подала заявку на микрозайм 621780 когда я смогу узнать ответ?,0
Здраствйте с моего счета снимают деньги почему я кредит оплатил,0
Я хотел поменять номер телефона который смс приходит,0
у меня вопрос по карте ВИЗА ПЛАТИНУМ,0
"У меня на карте пишут заблокировага,в чем причина ?",0
Я хотел поменять номер телефона который смс приходит,0
"Сегодня утром я подал заявку на кредит но до сих пор стоит на рассмотрение, Вообще тут есть кто-то отвечали на вопрос пишу а в ответ тишина",0
"Недавно я отправил заявку для получения кредитной карты, но не получил ответ,Хотел бы уточнить какое решение было принято",0
Я уже прошел идентификацию в приложении,0
Теперь модно узнать принятое решение по выдаче кредитной карты?,0
"Здравствуйте. Почему никто не хочет помочь мне в проблеме с переводом,уже третий день",0
"просто никто не сообщил, что приняли заявку и рассматривают",0
"Хотела узнать насчет имеющегося кредита ,Были ли сняты деньги ,И если да почему не пришло оповещение",0
"Здравствуйте. Уже 3 дня прошло с тех пор как на этот счет $880 отправили. В joyda проверила, до сих пор не поступили. Могут операторы как-то поторопить процесс?",0
"на счет 20206840066000498154,обычно за день поступает. С понимаю, праздник был, но уже 2 дня как закончились выходные",0
"уже, но толку нет. свяжитесь с республиканским, пожалуйста. проверьте почему деньги не поступили",0
на прошлой неделе. точную дату не знаю. вам точная дата нужна?,0
"У меня не зачисляется микрозайм на карту,Уже несколько дней",0
"После того, как я перейду по ссылке, мне зачислят микрозайм?,Правильно поняла?",0
"Хорошо, в течение какого времени могу пройти идентификацию?",0
Почему слишком много взяли за кредит?,0
"В августе закинул 3000.000 погашение досрочно и 550.000 погашение по графику за сентябрь, и показывает, что долг есть?",0
"Да, но почему лишние сняли деньги?,И сумма не изменилась?",0
"549191по графику, а я положил 550000, и ещё 34000 лишние сняли?",0
"Так я закинул 2 августа по графику сумму, и раньше лишние деньги не снимали?",0
"03.09 числа примерно в 8:52 хотел размерять доллар на сум. Но из за технического неисправности вашего банкомата (BANKOMAT ID:SQB10900-602) который находит в городе Навои, я не смог получить свои средства обратно.",0
Дайте контактные данные или мои данные ответственному лицу в Навоиском филиале чтобы могли решить данный вопрос.,0
"Хочу решить данный вопрос вне порядка очереди, так как техническая ошибка была не по моей вины",0
"Хотела узнать насчет имеющегося кредита,Были ли сняты деньги ,И если да почему не пришло оповещение",0
Кто-нибудь есть?,1
"Ура, Матлюба, добрый день. У меня 2 вопроса: 1. Открываете ли счета иностранным гражданам? 2. Почему у вас не работают телефоны?",0
Здравствуйте я оставлял заявку на Микрозайм 10дней назад она до сих пор в рассмотрении стоит,0
Мне нужно связаться с супервайзером касательно моей жалобы,1
я сегодня оплатил кредит через программу Uzum Bank там пришел ответ об успешной транзакций,0
Но я когда проверил остаток кредита он не поменялся можете проверить он вам поступил,0
"но этот кредит не на моем имени,вы это можете проверить",0
Или можете дать работающий номер банка 1180 не работает,0
"можете проверить id 742331,я сегодня заплатил через узум 878303 сум,он вам поступил",0
"я проверяю остаток через приложение там выходи,18985494 сум
 место 18605442 сум",0
я прошел через мобильное приложения,0
вам отправить свое фото с паспортом,0
"где тут служба поддержки кидает к вам,можете позвонить",0
я уже час пытаюсь дозвониться,0
можете проверить просто поступили вам деньги,0
"как мне подтвердить я вам фото и пдф паспорта отправил,как это я могу потвердить",0
вы можете подробнее написать,0
Вопросы по оплате кредита. Можете набрать меня?,0
Добрый день. Подскажите где у меня долг 0.01 сумм?,0
вроде оплачиваю вовремя и т.д. но везде выходит информация что у меня долг 0.01 сум в банке Саноат курилиш банк,0
"Вчера оставил заявку на создание пластиковой карты для работы, пришло такое сообщение, означает ли это что карта готова и могу пойти забрать?",0
"Добрый день. Вчера с моей виза карты списали лишние 1,2 млн на погашение кредита. Прошу вас вернуть лишнее списание",0
Добрый день. Подскажите где у меня долг 0.01 сумм?,0
вроде оплачиваю вовремя и т.д. но везде выходит информация что у меня долг 0.01 сум в банке Саноат курилиш банк,0
"Здравствуйте у меня был старый номер подключон на клик карту, сейчас этот номер не работает. Как можно изменить номер телефона для клик карту",0
Сегодня утром я подал заявку на кредит но до сих пор стоит на рассмотрение,0
Вообще тут есть кто-то отвечали на вопрос пишу а в ответ тишина,0
Оплатила микрозайм 5.583.000 сум 1 сентября,0
Почему у меня задолженность??,0
Почему у меня просроченный основной долг пишет?,0
"Здравствуйте. С заграницы на виза карту зарплату хотят отправить. Я дала им номер банка как мне показали в банке со свифтом, но говорят что номер счета неправильный",0
полный номер счета так должен выглядеть?,0
Как заказать дебетовую карту?,0
"Здравствуйте, подскажите, почему у меня в приложении не выходит сумма задолженности за кредитную карту?",0
Мои карты - кредитная карта - задолженность по карте,0
А можете подсказать сколько мне нужно оплатить до 10-го числа?,0
"Моя катрта Мастеркард заблокирована. Почему?,Не могу туда зачислить деньги",0
можете пожалуйста перезвонить мне по поводу моего кредита?,0
никак не могу дозвонится до вас,0
сколько у меня задолженность за этот месяц ?,0
"хорошо, а сколько еще надо?",0
вы можете точную сумму написать,0
"Здравствуйте, не могу активировать карты",0
"мы мне ничего не ответили, как долго мне ждать решения?",0
вам скинуть всю переписку?,0
"Здравствуйте! Я поменяла карту ввиду окончания срока действия. На старую карту поступала моя пенсия. Мне нужно идти в собес и давать им номер моей новой карты, или это будет автоматически регулироваться в банке?",0
примите пож заявку,0
26.08 произошло снятие с карты денег а банккомат не выдал,0
хочу жаловаться уже (,0
сколько ещё ждать?,0
и почему сотрудники так поздно отправили (,0
сколько мне ждать подскажите или мои действия требуются ещё ?,0
а какое время занимает подскажите ожидание,0
мне говорили и я читала на сайте возврат в теч 3 банк дней,0
уже точно дату скажите чтоб я не ждала и не писала,0
Матлюба может я вам на карту немного переведу чтоб ускорить этот процесс в знак благодарности,0
а можете мне дать контакты я их буду бескпокоить или это ваше подразделение,0
можете помоч хочу взять онлйн кредит,0
заполнил все данные при загрузке онлайн карты,0
так сложно подключить смс информирование ?,0
у меня карта уже все привязано хотел получить онлайн кредит,0
"Здравствуйте, у меня чип на карте перестал работать",0
Придется открывать новую карту?,0
Нудно будет платить? Или ее просто заменят ?,0
"Здравствуйте в праздники 31.08.2024 я пополнил свою кредитку на 2млн, деньги отправил со своей карты узкарт, деньги списали с нее но на счет они не поступили",0
Можете вернуть деньги?,0
"Я верифицированный пользователь,Прошел повторно",0
Я должен пройти ее и снимать как я проходу верификацию?,0
А анализ крови вам случайно не нужен?,0
"Я верифицированный пользователь, вам должно быть видно когда вы видите мой профиль у себя в компьютере",0
Так ваша ссылка открывает приложение joyda,0
я подавал заявку на микрокредит 100 млн,0
хотелось бы конкретнее узнать причину,0
кредитный рейтинг у меня A2,0
нужен микрозайм именно в 100 млн,1
Матлюба помогите мне пожалуйста с этим вопросом,0
есть ли возможность получить мне в вашем банке микрозайм в размере 100 млн?,0
"Здравствуйте. Вопрос заключается в следующем: Я оформил микрозайм, первый месяц считается льготным, Ежемесячный платеж по микрозайму списывается автоматически или нужно самому переводить сумму ежемесячного платежа и указывать что по графику ?",0
"То есть автоматического списания с карты не будет? 
 И нужно все самому переводить",0
"По графику ежемесячный платежи каждое первое число месяца, задержка сколько дней считается просрочкой ?",0
В деталях микрозайма информация актуальная ?,1
"Долг по графику за текущий месяц 0 , значит оплату не нужно производить , я правильно понимаю?",0
Я идентифицирован. При нажатии на ссылку переходит в приложение,0
Как подтвердить? По ссылке просто открывается приложение,0
Прошел и открывается приложение,0
Прошел идентификацию ввел данные паспорта и через камеру,0
И далее каждое первое число сумму из графика переводить ?,0
"611 506 это сумма откуда , в графике ведь 407 ?",0
Я во время не оплатил получается ?,0
А если выбирать раздел досрочное погашение и переводить сумму то на следующие ежемесячные платежи сумма изменится ?,0
"Скажите пожалуйста, а почему за текущий месяц везде 0 стоит",0
"Это начисление увеличивается с каждым днем , и ко дню следующей оплаты она будет уже такой",0
Ну получается мне не нужно производить оплату сейчас ?,0
Если будет просрочка меня уведомят как нибудь ?,0
Есть ли задолженность по кредитам у меня,0
"Я закидывала на два кредита, но выписка на одном кредите видно",0
"У меня дв кредита,На оба перейдут?",0
Вчера по приложении жойда я пополнил счёт телефона,0
"Ошибочно пополнил другому номеру,Можно ли отменить ?",0
"До этого оператор Умида сказала что скорее всего это зарплатная карта, но оказалось что это не так, у меня зарплатная карта узкард, а на новую карту мы не переходим.",0
"Я брал в приложении joyda микрозайм,все оформил ,поступление когда будет,?",0
Ассаламу алейкум я хочу узнать естьли на моём имени кредит,0
У меня не отображается виртуальная карта для оформления микрозайма,0
Я утром взяла кредит а деньги не перечислили,0
А как можно взять большую сумму чтобы закрыть долги,0
"Писал причину обращения,Проверьте выше,Нечаянно закрыл чат",0
"Почему в приложении не показывает,И не могу погасить?",0
Матлюба можете отменить мою заявку на кредитную карту,0
"У меня проблема с конверсией,Не могу её сделать в приложении",0
Вчера сказали чтобы попробовал сегодня посл 9ти утра,0
Я верифицирован.Но ошибка всё ещё остаётся,0
"Данный вид кредита, сейчас доступен?",0
От места проживания это не зависит?,0
Я являюсь самозанятым и у меня есть справка о выплате социального налога,0
Мне выдадут данный вид кредита? Хочу приобрести компьютер и продвигать своё дело.,0
У меня есть направление от Хокима помощника.,0
Можете подсказать филиал в городе Нукус?,0
Сегодня банк работает?,1
Хочу обратиться в банк по поводу данного вида кредита.,0
"я вчера оформил кредитную карту на 5 млн, но не могу воспользоваться им. Можете уточнить почему?",0
"сумма зачислена, но видимо карта сама заблокирована",0
получается пока я не могу пользоваться картой онлайн?,0
Доброе утро я хотел бы узнать когда будет готова моя кредитная карта?,0
Я уже прошел идентификацию,0
С моей карты сняли за страховой взнос,0
"Я сам должен забрать,Или мне привезут",0
Какие виды микрозаймов у вас существуют?,0
К сожалению онлайн микрозайм мне не одобрили.,0
Могу получить кредит для самозанятых?,0
Являюсь налогоплательщиком,0
"Микрозайм для самозанятых у вас доступен, если подойти в филиал?",0
Я уже являюсь идентифицированным пользователем.,0
"Я сейчас оставил заявку на микрозайм, но посмотреть статус заявки я не могу, оно куда-то пропало?",0
Можете это сделать за меня?,0
А по какой причине?,0
"И у вас сайт кстати упал, не заходит.",0
Это все причины по которым мне отказали в выдаче микрозайма?,0
А почему сайт не работает?,0
"Здравствуйте, а как активировать карту Visa",0
"Я постарался сделать через приложение JOYDA нам написано, активируйте карту с помощью пин кода",0
"Но сейчас я не знаю у меня есть пин код или нет, если был то я забыла",0
"А как мне узнать что у меня есть пин код,Там какой то смс спрашивает",0
Здравствуйте меня зовут Диана ! Я недавно оформляла кредитную карту и в данный момент хотела отменить это,0
А отменить договор не получиться?,0
Только что открыла минут 15 назад примерно,0
Прошу прощения ещё один вопрос где я могу получить карту?,0
Можете написать адрес,1
Хотела кое что уточнить можно ли с карту снять деньги?или осуществлять переводы,0
У меня выходит перевод с карты на карту отказано,0
Какая может быть причина ?Прошу вас помочь,0
"Во время регистрации сняли 229 187 сум,Я оплатила страховой премии",0
Так получается мне нужно подождать 3-5 дней чтобы получить карту,0
После взятие кредитной карты можно ли взять микрозайм ? Не будет ли никаких ошибок ?,0
Men klikni boshqa sim kartaga ulamoqchi edm,0
Здравствуйте а кредит погашается автоматически или нужно в ручную погашать?,0
Во сколько начинается операционый день?,1
"Здравствуйте! Хотел спросить: вчера пришло списание со вклада, но я не могу найти, куда именно списались деньги. Не могли бы вы помочь мне их найти, пожалуйста?",0
"Здравствуйте, почему я не могу снять деньги с вклада на свои карты ,постоянно выходит добавить карту ,а на имеющиеся карты снять не получается",0
"После обновления жойда так стало ,раньше такого не было",0
"Не получается снять ,выходит добавить карту",0
"Здравствуйте, у меня украли визу карту ,я нахожусь в Токио данный момент,Деньги сразу перевела в суммавую .",0
Карту в Ташкенте могу возобновить?,0
Заблокировать нужно?,0
"Сколько стоит,Новая карта?За сколько дней можно открыть?",0
"Вопрос для меня очень интересный, потому что я точно помню что ничего подобного не оформлял, а судя по сроку годности карты, я якобы должен был оформить ее в августе.",0
"Я нет. Откуда она появилась, Умида?",0
И почему там отрицательный баланс?,0
"Это ведь не кредитная карта, а депозитная.",0
"Маловероятно, но предположим. Тогда странно что карта виртуальная, а не физическая. И даже если все так, то почему она заблокирована?",0
И что это за трата - security deposit?,0
"О как, а банк должен связаться со мной, чтоб я ее забрал?",0
"Умида, я с вами свяжусь, если завтра выяснится что бухгалтерия все таки не подавала подобных заявок:",0
"У меня такая проблема не могу менять номер телефон пластик карты,Предыдущий номер не работает хочу менять на новый номер телефона",0
"Добрый вечер, подскажите пожалуйста есть ли у меня задолженность за этот месяц ?",0
"Здравствуйте! Мне должен был прийти SWIFT перевод из США, они уже отправляли на мой счёт деньги раньше, но в этот раз вышел отказ. Хотела узнать, может проблема с моим счетом?",0
"30 числа я закрыл задолженность по кредитной карте, могу я уже сегодня использовать карту?",0
"Да задолженность отсутствует,Могу использовать?",0
"Мне сегодня надо снять деньги,Поэтому спрашиваю,Я задолженность закрыл,Мы месяц закрыли?",0
"Скажите пожалуйста, оформлял кредит в разделе кредитная карта, вчера в 16:46 сняли деньги за страховку по кредиту, но кредит не предоставили. Сумма кредита составляла 32млн. Сум. Почему так? И что необходимо делать далее?",0
"Ясно. Так почему сняли страховую премию? Как я понимаю, должны были предоставить кредит и с неё снять уже.",0
"Двое после получения кредитной карты, туда будет начисляться сумма 32млн. Сум?",0
Когда вы начинаете работу?,1
Умида подскажите пожалуйста. Есть ли у вас в приложении возможность открыть виртуальную хумо карту,0
"Очень приятно познакомиться. В субботу я оплатила 700 тыс сум на этот номер 9860060132242235,Потом в этот же момент я еще раз хотела попробовать отправить 400 тыс сум на тот же номер карты,Потом опять система глючила даже чек не смогла взять,Но с меня сняли",0
Можете вернуть мне деньги пожалуйста?,1
Как они будут связаться со мной ?Через телеграмм?,0
"Здравствуйте. Пытаюсь снять деньги с депозита, просит добавить карту, добавляю карту, пишет что карта существует",0
"Подскажите пожалуйста как быть,Карта действительно существует в приложении но при снятии денег с депозита карту не показывает",0
Раньше же получалось,0
У вас был другой интерфейс у меня в нем все получалось. Как обновили интерфейс перестало получаться,0
"Нет я частично хотел снять деньги с вклада,Карту не видит",0
"Нет. Просто жду когда смогу снять деньги с депозита,Когда будет ответ?",0
Это не сегодня будет?,0
Здравствуйте у меня сегодня утро сняли деньги за проезд с Атто два раза по 1700 хотя я в это в ремня спала дома,0
Здравствуйте скажите пожалуйста сегодня работает Банк в Киргилях в городе Фергана?,0
сколько стоит виза карта?,1
"Я оформил микрозайм,деньги когда будут поступать",0
Ну вы можете ответить на мой вопрос,0
"Здравствуйте, где я могу без процентов положить наличные на свою карту SQB?",0
Любой филиал подойдёт?,0
Здравствуйте хотел узнать номер страхового полиса,0
Я в 18.03.2024 оформил кредит на сумму 6 367 883. И вчера полностью погасил хотел вернуть страховой взнос,0
Здравствуйте скажите пожалуйста сколько мне нужно оплатить за кредит,0
Так сколько нужно оплатить вы можете сказать,0
Почему в мониторинге карты по два раза дублируются платежи?Это стало очень неудобно,0
Здравствуйте. У меня в приложении зарегистрирован старый паспорт. Как я могу изменить данные?,0
"Погасил кредит, отправил заявку на возврат страховой премии,Но заявку по моему не приняли",0
Окажите пожалуйста содействие в возврате страховой премии,0
"Добрый день!
 Уважаемые сотрудники SQB, мне очень нужна Ваша помощь 
 Вчера я хотела перевести со своей карты средства на имеющийся депозитный вклад через приложение Joyda. Делала все как обычно, но в процессе перевода и зачислении средств на вклад, приложение выдало ошибку, и в итоге деньги с карты списались, но на вклад не попали. Обратно на карту не вернулись, на счетах в приложении нигде не отображаются",0
"Здравствуйте, у меня не получается открыть вклад в приложении joyda. Пишет : клиент не найден или не активен. Что это значит?",0
"Мне поступили деньги (300,000 сум) Я не знаю кто это, как могу вернуть?",0
Я уже прошел идентификацию,0
"Сейчас я не могу, так как на работе Паспортные данные не помню",0
Могу дать номер карты,0
Ну тогда напишу после того как приду домой Сойдёт?,0
Я оплатила в начале месяца кредит Но оплата не видна?И говорят просрочка,0
А как оплатить?,0
У меня проблема в том что страховая компания по моему кредиту я не могу узнать,0
Узнать страховую компанию И их контакты дать,0
Дали номер страховой компании но это не той страховой компании,0
"у меня есть креитная карта, я из приложения попробовал поменять пин код, вроде успешно было но на терминалах и банкоматах не работает только через приложение",0
можно ли проверить или сбросить пин,0
"Матлюба, вы тут?",1
"понятно, а есть филиал который работает по субботам или поздно вечером",0
в любом филиале могут сбросить пин?,0
я хочу узнать номер карты на моем имени и данных,0
Можете отправить номер карты который привязан на моё имя,0
не открыли ли мне новый карта на мое имя,0
я прошла индентификацию ответе,0
какого бота пройти а уже прошла по ссылке,0
ответе скорее жду вашего ответа,0
проверьте еще раз прошла заново,0
Здравствуйте! У меня истекает срок карты Visa 09/24. Я бы хотел продлить срок карты,0
"Мне нужен 20 значный код Чтобы его получить, что нужно сделать?",0
Как ее получить или как можно узнать,0
Чтобы возврат с санатории таштермал мне на карту скинули,0
Расчетный счет это индивидуальный?,0
"Если они сейчас скинут деньги, они мне на карту поступят?",0
Можете отправить номер карты который привязан на моё имя,0
Здравствуйте мне нужно номер карты и срок действия,0
Добрый день мне нужна номер карты которые брала с вашего банка,0
Мне нужно номер карты пластиковой?И открыты ли новые карты на мое имя?,0
Мне нужно узнать свой номер и срок карты для регистрации в приложении,0
"Физическую карту на руки мы ещё не получили, поэтому у нас пока нет информации,Карта зарплатная",0
Есть кто?,0
Добрый день! Я хотела бы подключить смс услугу карты на новый тел номер,0
"Я заказал кредитную карту онлайн в приложении, но пишет, что сервис временно недоступен, на самой карте",0
Нужно получить в отделении?,0
Мне придет смс оповещение?,0
"Здравствуйте, можете проверить мои платежи прошли ? У меня есть 3 кредита в этом банке, и я сегодня сделала ежемесячную оплату по всем трем кредитам",0
"Можете с этого счета перевести на оплату кредита сумма которого составляет 3.731.438,16 ?",0
"Сделала, проверьте пожалуйста все ли прошло успешно",0
То есть мне сейчас их оплачивать не надо ? Так как я учла эту сумму и сразу оплатила,0
Матлюба это я ничайно опять на кнопку нажала,0
Я по поводу кредита По какой причине,0
На мой номер поступают сообщения что я должна оплатить кредит через 3,0
Никакой кредит я не брала Месяц назад мне поступала такая же смс,0
Я сейчас звонила оператору оператор сказала связаться с вами,0
Вы можете объяснить,0
У меня с карты несколько раз снимали деньги чужие люди,0
Помогите мне Как мне зделать так чтобы мошенники не смогли больше снять деньги?,0
У меня муж так зделать съездил в свой банк поменял карту и подключил какую-то безопасность от мошенников смской,0
Мужу позвонил специалист и через смс подключил что то чтобы обезопасить от мошенников,0
"Я с ними общалась они сказали что нужно к ним приехать и пообщаться со специалистом, а потом к вам в банк Тогда я к вам в понедельник подойду и подам заявку на перевыпуск",0
А сколько будет стоить перевыпуск чтобы я знала,0
"Здравствуйте, я открыла карту два дня назад, хотела добавить в карту на вашем приложении джойда и оно говорит «Номер счета не совпадает с номером SMS карты». Что это значит?",0
"Должно быть, мне сообщение пришло от банка, когда я открыла карту.",0
"Я прошла через это, у меня там профиль открыт, и все информации стоят",0
"Там вышло еще раз пройти через идентификацию, я прошла и успешно",0
"я же клиент банка, идентифицирован в приложени",0
можете пожалуйста проверить есть ли задолженность по кредитам,0
"Я открыл виртуальную карту хумо, но она не отображается в приложении",0
Что дальше? Можно пожалуйста побыстрее,0
"Здравствуйте , за сколько дней я должна уведомить банк о досрочном снятии денежных средств со вклада, полностью , сумма составляет. 4.814.308 сум",0
"Здравствуйте, почему я не могу использовать свою карту Виза в приложении Joyda? Не могу перевести с нее средства",0
"Регестрируюсь по несколько раз , но никакой реакции нет",0
"Оформила кредитную карту , хочу оформить доставку",0
Сегодня банк работает ?,1
"Здравствуйте. Я хотела в приложении открыть микрозайм. Открыть не получилось, так как у меня оказывается есть необработанная корзина. Захожу в корзину и хочу поставить галочку подтверждения. Она не ставится. Номер заказа 16809825. Посмотрите пожалуйста.",0
Как мне подключить смс уведомление,1
"Я открыл виртуальную карту, но она не загружается",0
"Здравствуйте, хочу взять микро займ в размере 30 мл, но почему не получается?",1
"Карту, паспорт все привязал, но что-то не так? Может узнать в чем проблема?",0
Получаеться на рассмотрении?,0
Подскажите где находиться этот раздел?,0
"Нашел, а почему отказано?",0
В чем проблема?,0
Мне придет уведомление?,0
Здравствуйте хотел дакать что я перевёл денги через вашу программу но ему он не пришли денги,0
Как это можно уточнить,0
Если возможно помогите мене,0
Можно я отправлю вам видео,0
Я ему всё показал он говорит что это фейк чек А можно вернуть деньги,0
Я могу показать как доказательство,0
Я поменяла старый паспорт на новый АД,0
Как мне обновить данные?,0
Я уже Индетификацию прошла тут. КА паспорта не меняется на AD Как мне поменять паспортные данные. Точнее обновить,0
У меня проблема с приложением Жойда после обновления не могу делать скрин в приложении можно ли отключить эту функцию?,0
"Меня интересует кредит,который был взят в вашем банке 11.22г на сумму 15млн сум, погашен был в 11.23г если не ошибаюсь.",0
Можете пожалуйста предоставить информацию по закрытию кредита с учётом всех задолженностей?,0
Я случайно остановил чат,0
Мы с оператором решали вопрос по поводу заявки,0
"Здравствуйте, можете проверить заявку 18022890 , не загружает",0
"Уже выполнял, снова сделал?Проверьте пожалуйста",0
Проверьте получилось получилось пройти или нет?,0
Проверьте получилось или нет!?,0
Добрый вечер можете проверить заявку 18011445 Не загружает почему то…,0
"ассалому алайкум, никак не могу с другой карты перевести деньги на виза карту",0
"до этого мог, но щас захожу и не видно карта другого банка",0
сделать скриншот нельзя оказывается,0
"там у меня карта другого банка не отображается, но связан на приложение Joyda",0
"Добрый вечер. Вновь оплатил кредит, но почему-то ничего не изменилось. На транзитном счету деньги тоже отсутствуют",0
У меня пройдена идентификация,0
Что значит идентификацию в чате ?,1
По вашей ссылке прохожу,0
"Здравствуйте. Хотела узнать, почему в приложении ""Жойда"" невозможно поделиться квитанцией об оплате или денежном переводе тому, кому сделан перевод или платёж , даже не возможно сделать скрин после платежа? Раньше была такая функция, а сейчас её нет. Вместо улучшения , наоборот усложнилось...",0
"Здравствуйте , за сколько дней я должна уведомить банк а досрочном снятии денежных средств со вклада, полностью",1
Снял деньги со вклада 50000сум. Использовал .оплатил штраф Гаи.Потом в Корзинке еще снял 50000сум. Но второй раз деньги не поступили на счет.,0
Даю заявку на возврат страховки чере жойда,1
Заполнил все данные но выводит ошибку что номер договора страхования должен быть семь цифр Ранее мне писали что номер pse 268905,0
Дата кредитного договора нужен,0
Что нужно подписать и отправить скан?,0
Как к ним обращаться?,0
"Если что, не обижайтесь Садокат, меня тоже поймите пожалуйста, я со вчерашнего дня долблю, всем просто насрать, как будто. Номер заявки 119776. Так и не позвонил ни кто,",0
"Пожалуйста помогите решить проблему, оператору с утра позвонили сказала что в течении получаса позвоним, Прошло 4 часа ни кто ничего не позвонил,",0
"Написал в чат бот, оператор сказал по очереди, я с 9ти утра прошу решить, все просто футболят, это по вашему нормальное отношение к клиентам вашего продукта?",0
"Просто подключить смс информирование, Это делается в один клик, и не надо мне говорить что вы там что то невероятное делаете, я не аудит оформляю, а простое смс информирование, почему все просто положили болт, или у вас так принято?",0
"Я бы понял я бы что то сложное просил, вклад или ещё что то оформлять, перевод, я понимаю что эти процессы занимают от 5ти до 14ти банковских суток, НО СМС информирование подключить это другой разговор, это не то что не сложно, это в один клик делается, вы вписываете номер, и всё,",0
"Это не сложно, Я не просто не понимаю почему вы так долго делаете 3ех секундные вещи",0
"Притензий к вам Садокат у меня нет, но то как ваш банк обращается с клиентами, Это уже идиотизм натуральный",0
"Мне что делать?( У сотрудников банка рабочий график до 6ти, вас долбить тоже мне не нравится, но вы как посредник просто, поэтому недовольства через вас проходит, от этого ещё дерьмовее, я работал в кц, я прекрасно вас понимаю,",0
"Помогите пожалуйста Через 2 часа просто уйдут сотрудники, и это перенесётся на 3й день",0
Почему с карты за кредит не снимаются,0
Погасил кредит Нажал на закрытие кредита Посмотрите пожалуйста,0
Нужно дат заявку на расторжение договора страхования,0
Когда закроется?,0
Нельзя быстрее закрыть? В офис прийти к вам,0
Я нажал на закрытие кредита Теперь в приложении вышло сервис временно не работает,0
Все нормально? Можете проверить,0
У меня не получается подключиться на смс,0
Почему не могу подключить смс?,0
"Здравствуйте, подскажите пожалуйста как обновить приложение Joyda через браузер Google?",0
"У меня такая проблема, в приложении Joyda я не могу получить электронную очередь, недавно я сообщил об этой проблеме и оператору Садокат, после уточнения данной проблемы она сообщила, что нужно именно обновить приложение через браузер, а не play market.",0
"Здравствуйте. Проверьте, пожалуйста, было ли поступление в размере $1956 на валютный счет",0
"Здравствуйте, у меня не получается в мобильном приложении Joyda получить электронную очередь",0
"Извините за фоновый шум, пришлось снимать с другого телефона, т.к. ваше приложение не разрешает записывать видео с экрана и делать скриншоты",0
Я кредит хотела взять 70 000 000 сум Заявку дала Онлайн Почему то ответ не приходит Уже третий день сегодня,0
Дальше что надо делать,0
Голосовой можно отправлять? Как и где?,1
"Вот это в приложении, значить отказали да?",0
"Можете попросить пожалуйста что бы заявку 119776 обработали,",0
"Позвонили вам с утра в кц, девушка сказала обработают в течении получаса, прошло уже 4 часа ни кто так и не позвонил",0
Там просто подключение смс информирования на виртуальную карту...,0
В течении какого времени свяжутся можете уточнить пожалуйста?,0
На днях открыла карту хумо и не привязала смс информирование. К сожалению обратится в банк где открывала карту на данный момент не возможно. Могу ли я привязать номер телефона к карте удаленно?,0
"Здравствуйте,можете мне подсказать,почему мне не дают кредит?",0
"У меня есть кредиты в вашем банке,я хотел бы ещё взять",0
"А как можно связаться с оператором,позвонить как можно?",0
Вопрос почему не снимается с карты?,0
Заранее говорю не буду скачать ваше приложение Можете помочь?,0
У меня был кредит Код кредита 20423570,0
Вопрос почему не снимается с карты?,0
Мне нужно чтобы здесь решили проблему?,0
Прошлый раз тоже так сделали,0
А нельзя здесь написать,0
Я не хочу скачать ваше приложение Зачем мне оно?,0
У вас даются кредит для образования Какие документы требуются,0
Для 3 курсам тоже даются?),0
Дол какого числа длится?) Для девушкам тоже с 14%,0
Что делать если была утеряна сим карта с номером телефона и нет возможности восстановить?,0
К которой привязана банковская карта,0
Это можно сделать не приезжая в банк?,0
"Дело в том что я нахожусь в россии Но есть контактный номер мамы, на которой можно было бы перевести карту",0
Почему я не могу перевести деньги с виза карт,0
Кто нибудь может ответить,0
"Ваш запрос на внесение депозита был принят, однако, согласно нашим данным, он был отклонен Вашим банком.",0
"Поскольку отказ был не с нашей стороны, и мы не можем это контролировать, просим Вас связаться напрямую с Вашим банком, чтобы получить дополнительную информацию о причине отказа Вашего депозита, а также о параметрах и статусе вашей Кредитной/Дебетовой карты.",0
Почему банк откланяет,0
Я зачем открывала виза карту Брокеру,0
Почему с узкарт могу делать а с визы нет,0
У них изменения они просят внести депозит в валюте,0
Я специально открывала карту получается мне нужно в другом банке открывать,0
Вы можете мне ответить,0
Почему не проходит оплата,0
У меня все карты вашего банка С обыкновенной карты узкарт проходит А с визы нет,0
Зачем вы так поступаете с клиентами,0
Если Вы не можете оказывать качественные услуги надо было предупредить,0
Я бы не мучилась не ходила время не тратила,0
Почему вы не предупредили,0
Почему в других банках все нормально,0
Что значит требования банка,0
Как я могу отказаться от виза карта,0
Я хочу чтобы мне вернули мои 5доллар И денги за карту,0
Какие требования у банка,0
Вы пишите требования у банка какие требования,0
Ужасное обслуживание,0
Никто ничего не знает не скем разговаривать,0
Все сидят и просто так получают зарплату,0
Здравствуйте! Подскажите пожалуйста какая комиссия при оплате в интернет магазинах с VISA classic,0
"Хотела спросить, вчера моя сестренка использовала мою карту и набирала пароль неправильно На данный момент теперь через мою карту не получается произвести оплату Выдает «отказано» Что можно сделать?",0
"Узкард, но можно карту еще использовать просто приложив его",0
Но в макро куда я зашла сейчас у них такого терминала нету,0
"Приходится вводить код, а когда я его ввожу выходит «отказано»",0
Сколько времени занимает открытие виртуал карты?,0
Заявку подавала примерно в 20:00 вчера,0
Насчёт того что не могу перевести деньги с viza,0
По этому вопросу свяжитесь с нами после 09:00 утра уточним у сотрудников.,0
"Между своими картами Ваш запрос на внесение депозита был принят, однако, согласно нашим данным, он был отклонен Вашим банком.",0
"Поскольку отказ был не с нашей стороны, и мы не можем это контролировать, просим Вас связаться напрямую с Вашим банком, чтобы получить дополнительную информацию о причине отказа Вашего депозита, а также о параметрах и статусе вашей Кредитной/Дебетовой карты.",0
Мне в нашем отделении банка сказали только можно воспользоваться приложением жойда,0
Какой видео скрин Между картами,0
"Здравствуйте, почему то в приложении joyda не отображается история платежей, перевод и т.д",0
Я имею ввиду вообще истории давние с открытия карты и эксплуатации карты Что можно с этим сделать?,0
Как сделать смс информирование для виртуальной узкарт?,0
"Можете полностью ответить пожалуйста, где заявку оставить, куда отправить,",0
Как это работает? Вы смс информирование в системе сами не можете сделать?,0
Или вы бот обычный?,1
Вы кроме ссылки на верефикацию можете хоть чем то помочь?,0
Имеет ли смысл с вами продолжать диалог?,0
"Верефикацию, при мне 3 раза прошли, вы просто без конца отправляете эту ссылку для прохождения верефикации, с какой целью? Сколько раз нужно пройти верефикацию что бы вы заявку оформили, в чём блять проблема?",0
"Вам не стыдно? Вам за работу оплачивают оклад, имейте совесть отрабатывать его.",0
Как подключить смс информирование для виртуальной узкарт?,0
И у меня карта до сих пор в приложении Joyda виртуальная карта заблокирована,0
Так я же прошла верификацию уже,0
Выше чат прописан,0
Примерно в течении какого времени со мной свяжутся ?,0
Скажите пожалуйста почему я не могу перевести деньги с виза карты,0
"Ваш запрос на внесение депозита был принят, однако, согласно нашим данным, он был отклонен Вашим банком.",0
"Поскольку отказ был не с нашей стороны, и мы не можем это контролировать, просим Вас связаться напрямую с Вашим банком, чтобы получить дополнительную информацию о причине отказа Вашего депозита, а также о параметрах и статусе вашей Кредитной/Дебетовой карты.",0
вы можете связаться с ними и уточнить причину по которой депозит не прошел.,0
"вы так же можете спросить, есть ли у них ограничения по сумме, или ограничения на депозиты брокерам.",0
А почему с узкарта проходят денги?А с визы нет,0
понятно. У нас в системе четко видно что именно банк отклоняет транзакцию. До тех пор вы можете пополнять другими методами или поробовать другой картой,0
Прошла верификацию,0
Проблема описана выше,0
Как это сделать ?,0
Assalomu alaykum kartamni SMS xabarnomaga ulash kerak,0
Можете ответить в чате Елены пожалуйста Верификацию прошли уже,0
Нужно заново открыть чат?,0
Как подключить смс информирование для виртуальной узкарт?,0
И у меня карта до сих пор в приложении Joyda виртуальная карта заблокирована,0
У меня в катм не обновились данные,0
Я оплатил первый платеж по моим кредитам А он не засчитался,0
Можете подсказать пожалуйста,0
Завтра обновится система ?,1
А можно узнать свой лимит по кредиту ? Или нужно в банк приходить ?,1
"И хотел спросить по мимо основных процентов на кредит , каждый день начисляется еще ?",1
Как долго мне ждать?,1